corte,bloque,grupo,metrica,valor
val,copia,realidad,forma_vs_D,0.8291
val,copia,realidad,movimiento_%,100.0000
val,copia,realidad,corr_cambio,1.0000
val,copia,realidad,pendiente_cambio,1.0000
val,copia,realidad,MAE,0.0000
val,copia,ensemble_seleccion,forma_vs_D,0.9265
val,copia,ensemble_seleccion,movimiento_%,78.6615
val,copia,ensemble_seleccion,corr_cambio,0.8375
val,copia,ensemble_seleccion,pendiente_cambio,0.6163
val,copia,ensemble_seleccion,MAE,11.7319
val,copia,persistencia,forma_vs_D,1.0000
val,copia,persistencia,movimiento_%,0.0000
val,copia,persistencia,corr_cambio,
val,copia,persistencia,pendiente_cambio,0.0000
val,copia,persistencia,MAE,19.9483
val,copia,lgbm_nucleo__s1,forma_vs_D,0.8882
val,copia,lgbm_nucleo__s1,movimiento_%,90.1700
val,copia,lgbm_nucleo__s1,corr_cambio,0.8057
val,copia,lgbm_nucleo__s1,pendiente_cambio,0.6634
val,copia,lgbm_nucleo__s1,MAE,13.0082
val,copia,lgbm_nucleo__s1,peso,0.3667
val,copia,denso__s2,forma_vs_D,0.9332
val,copia,denso__s2,movimiento_%,75.0961
val,copia,denso__s2,corr_cambio,0.7913
val,copia,denso__s2,pendiente_cambio,0.5915
val,copia,denso__s2,MAE,12.8434
val,copia,denso__s2,peso,0.3333
val,copia,lstm__s1,forma_vs_D,0.9268
val,copia,lstm__s1,movimiento_%,82.6637
val,copia,lstm__s1,corr_cambio,0.7765
val,copia,lstm__s1,pendiente_cambio,0.6135
val,copia,lstm__s1,MAE,13.2963
val,copia,lstm__s1,peso,0.1000
val,copia,seq2seq_absoluto__s2,forma_vs_D,0.9033
val,copia,seq2seq_absoluto__s2,movimiento_%,93.9952
val,copia,seq2seq_absoluto__s2,corr_cambio,0.7254
val,copia,seq2seq_absoluto__s2,pendiente_cambio,0.6081
val,copia,seq2seq_absoluto__s2,MAE,15.4014
val,copia,seq2seq_absoluto__s2,peso,0.1000
val,copia,gru__s2,forma_vs_D,0.9172
val,copia,gru__s2,movimiento_%,78.4010
val,copia,gru__s2,corr_cambio,0.7435
val,copia,gru__s2,pendiente_cambio,0.5522
val,copia,gru__s2,MAE,14.0525
val,copia,gru__s2,peso,0.0667
val,copia,seq2seq__s1,forma_vs_D,0.9341
val,copia,seq2seq__s1,movimiento_%,72.1865
val,copia,seq2seq__s1,corr_cambio,0.7461
val,copia,seq2seq__s1,pendiente_cambio,0.5063
val,copia,seq2seq__s1,MAE,13.9655
val,copia,seq2seq__s1,peso,0.0333
val,cuartil_cambio,Q1,n_dias,92.0000
val,cuartil_cambio,Q1,cambio_min,2.5550
val,cuartil_cambio,Q1,cambio_max,10.4742
val,cuartil_cambio,Q1,cambio_medio,7.7033
val,cuartil_cambio,Q1,MAE_ensemble,7.8547
val,cuartil_cambio,Q1,MAE_persistencia,7.7033
val,cuartil_cambio,Q1,mejora_vs_persistencia_%,1.9655
val,cuartil_cambio,Q1,dias_ensemble_peor_%,42.3913
val,cuartil_cambio,Q1,captura_ensemble_%,93.6456
val,cuartil_cambio,Q1,captura_persistencia_%,89.0750
val,cuartil_cambio,Q1,pico1h_ensemble_%,85.8696
val,cuartil_cambio,Q1,pico1h_persistencia_%,78.2609
val,cuartil_cambio,Q2,n_dias,91.0000
val,cuartil_cambio,Q2,cambio_min,10.4742
val,cuartil_cambio,Q2,cambio_max,17.1721
val,cuartil_cambio,Q2,cambio_medio,13.4732
val,cuartil_cambio,Q2,MAE_ensemble,10.1633
val,cuartil_cambio,Q2,MAE_persistencia,13.4732
val,cuartil_cambio,Q2,mejora_vs_persistencia_%,-24.5662
val,cuartil_cambio,Q2,dias_ensemble_peor_%,12.0879
val,cuartil_cambio,Q2,captura_ensemble_%,91.2209
val,cuartil_cambio,Q2,captura_persistencia_%,84.6879
val,cuartil_cambio,Q2,pico1h_ensemble_%,78.0220
val,cuartil_cambio,Q2,pico1h_persistencia_%,67.0330
val,cuartil_cambio,Q3,n_dias,91.0000
val,cuartil_cambio,Q3,cambio_min,17.1721
val,cuartil_cambio,Q3,cambio_max,26.9375
val,cuartil_cambio,Q3,cambio_medio,21.4384
val,cuartil_cambio,Q3,MAE_ensemble,12.7545
val,cuartil_cambio,Q3,MAE_persistencia,21.4384
val,cuartil_cambio,Q3,mejora_vs_persistencia_%,-40.5064
val,cuartil_cambio,Q3,dias_ensemble_peor_%,2.1978
val,cuartil_cambio,Q3,captura_ensemble_%,90.4488
val,cuartil_cambio,Q3,captura_persistencia_%,77.0543
val,cuartil_cambio,Q3,pico1h_ensemble_%,76.9231
val,cuartil_cambio,Q3,pico1h_persistencia_%,62.6374
val,cuartil_cambio,Q4,n_dias,91.0000
val,cuartil_cambio,Q4,cambio_min,26.9375
val,cuartil_cambio,Q4,cambio_max,68.2342
val,cuartil_cambio,Q4,cambio_medio,37.3128
val,cuartil_cambio,Q4,MAE_ensemble,16.1976
val,cuartil_cambio,Q4,MAE_persistencia,37.3128
val,cuartil_cambio,Q4,mejora_vs_persistencia_%,-56.5897
val,cuartil_cambio,Q4,dias_ensemble_peor_%,0.0000
val,cuartil_cambio,Q4,captura_ensemble_%,89.2435
val,cuartil_cambio,Q4,captura_persistencia_%,75.8137
val,cuartil_cambio,Q4,pico1h_ensemble_%,80.2198
val,cuartil_cambio,Q4,pico1h_persistencia_%,65.9341
val,dia_semana_D+1,lunes,n_dias,52.0000
val,dia_semana_D+1,lunes,MAE_ensemble,12.5304
val,dia_semana_D+1,lunes,MAE_persistencia,27.9171
val,dia_semana_D+1,lunes,mejora_vs_persistencia_%,-55.1156
val,dia_semana_D+1,lunes,cambio_medio,27.9171
val,dia_semana_D+1,martes,n_dias,52.0000
val,dia_semana_D+1,martes,MAE_ensemble,12.7581
val,dia_semana_D+1,martes,MAE_persistencia,19.5990
val,dia_semana_D+1,martes,mejora_vs_persistencia_%,-34.9043
val,dia_semana_D+1,martes,cambio_medio,19.5990
val,dia_semana_D+1,miércoles,n_dias,53.0000
val,dia_semana_D+1,miércoles,MAE_ensemble,12.3248
val,dia_semana_D+1,miércoles,MAE_persistencia,18.7103
val,dia_semana_D+1,miércoles,mejora_vs_persistencia_%,-34.1284
val,dia_semana_D+1,miércoles,cambio_medio,18.7103
val,dia_semana_D+1,jueves,n_dias,52.0000
val,dia_semana_D+1,jueves,MAE_ensemble,11.8863
val,dia_semana_D+1,jueves,MAE_persistencia,17.3987
val,dia_semana_D+1,jueves,mejora_vs_persistencia_%,-31.6827
val,dia_semana_D+1,jueves,cambio_medio,17.3987
val,dia_semana_D+1,viernes,n_dias,52.0000
val,dia_semana_D+1,viernes,MAE_ensemble,11.3631
val,dia_semana_D+1,viernes,MAE_persistencia,18.0714
val,dia_semana_D+1,viernes,mejora_vs_persistencia_%,-37.1211
val,dia_semana_D+1,viernes,cambio_medio,18.0714
val,dia_semana_D+1,sábado,n_dias,52.0000
val,dia_semana_D+1,sábado,MAE_ensemble,10.6949
val,dia_semana_D+1,sábado,MAE_persistencia,21.0312
val,dia_semana_D+1,sábado,mejora_vs_persistencia_%,-49.1473
val,dia_semana_D+1,sábado,cambio_medio,21.0312
val,dia_semana_D+1,domingo,n_dias,52.0000
val,dia_semana_D+1,domingo,MAE_ensemble,10.5541
val,dia_semana_D+1,domingo,MAE_persistencia,16.9341
val,dia_semana_D+1,domingo,mejora_vs_persistencia_%,-37.6752
val,dia_semana_D+1,domingo,cambio_medio,16.9341
val,spread_pico,todos,n_dias,365.0000
val,spread_pico,todos,captura_ensemble_%,91.1466
val,spread_pico,todos,captura_persistencia_%,81.6780
val,spread_pico,todos,pico1h_ensemble_%,80.2740
val,spread_pico,todos,pico1h_persistencia_%,68.4932
val,spread_pico,todos,MAE_ensemble,11.7319
val,spread_pico,todos,MAE_persistencia,19.9483
val,spread_pico,todos,dias_ensemble_peor_%,14.2466
val,spread_pico,Q4_cambio,n_dias,91.0000
val,spread_pico,Q4_cambio,captura_ensemble_%,89.2435
val,spread_pico,Q4_cambio,captura_persistencia_%,75.8137
val,spread_pico,Q4_cambio,pico1h_ensemble_%,80.2198
val,spread_pico,Q4_cambio,pico1h_persistencia_%,65.9341
val,spread_pico,Q4_cambio,MAE_ensemble,16.1976
val,spread_pico,Q4_cambio,MAE_persistencia,37.3128
val,spread_pico,Q4_cambio,dias_ensemble_peor_%,0.0000
val,spread_pico,top10_cambio,n_dias,37.0000
val,spread_pico,top10_cambio,captura_ensemble_%,85.9880
val,spread_pico,top10_cambio,captura_persistencia_%,73.7566
val,spread_pico,top10_cambio,pico1h_ensemble_%,72.9730
val,spread_pico,top10_cambio,pico1h_persistencia_%,59.4595
val,spread_pico,top10_cambio,MAE_ensemble,16.9995
val,spread_pico,top10_cambio,MAE_persistencia,45.9873
val,spread_pico,top10_cambio,dias_ensemble_peor_%,0.0000
test,copia,realidad,forma_vs_D,0.8578
test,copia,realidad,movimiento_%,100.0000
test,copia,realidad,corr_cambio,1.0000
test,copia,realidad,pendiente_cambio,1.0000
test,copia,realidad,MAE,0.0000
test,copia,ensemble_seleccion,forma_vs_D,0.9381
test,copia,ensemble_seleccion,movimiento_%,82.5521
test,copia,ensemble_seleccion,corr_cambio,0.7889
test,copia,ensemble_seleccion,pendiente_cambio,0.5853
test,copia,ensemble_seleccion,MAE,11.7237
test,copia,persistencia,forma_vs_D,1.0000
test,copia,persistencia,movimiento_%,0.0000
test,copia,persistencia,corr_cambio,
test,copia,persistencia,pendiente_cambio,0.0000
test,copia,persistencia,MAE,16.7213
test,copia,lgbm_nucleo__s1,forma_vs_D,0.8858
test,copia,lgbm_nucleo__s1,movimiento_%,110.7552
test,copia,lgbm_nucleo__s1,corr_cambio,0.7230
test,copia,lgbm_nucleo__s1,pendiente_cambio,0.7083
test,copia,lgbm_nucleo__s1,MAE,14.1643
test,copia,lgbm_nucleo__s1,peso,0.3667
test,copia,denso__s2,forma_vs_D,0.9563
test,copia,denso__s2,movimiento_%,75.7926
test,copia,denso__s2,corr_cambio,0.7247
test,copia,denso__s2,pendiente_cambio,0.4984
test,copia,denso__s2,MAE,13.4659
test,copia,denso__s2,peso,0.3333
test,copia,lstm__s1,forma_vs_D,0.9187
test,copia,lstm__s1,movimiento_%,99.6322
test,copia,lstm__s1,corr_cambio,0.7010
test,copia,lstm__s1,pendiente_cambio,0.5588
test,copia,lstm__s1,MAE,15.7777
test,copia,lstm__s1,peso,0.1000
test,copia,seq2seq_absoluto__s2,forma_vs_D,0.9006
test,copia,seq2seq_absoluto__s2,movimiento_%,102.4199
test,copia,seq2seq_absoluto__s2,corr_cambio,0.6776
test,copia,seq2seq_absoluto__s2,pendiente_cambio,0.5779
test,copia,seq2seq_absoluto__s2,MAE,15.2755
test,copia,seq2seq_absoluto__s2,peso,0.1000
test,copia,gru__s2,forma_vs_D,0.9428
test,copia,gru__s2,movimiento_%,73.2881
test,copia,gru__s2,corr_cambio,0.7108
test,copia,gru__s2,pendiente_cambio,0.4730
test,copia,gru__s2,MAE,12.8856
test,copia,gru__s2,peso,0.0667
test,copia,seq2seq__s1,forma_vs_D,0.9488
test,copia,seq2seq__s1,movimiento_%,70.4060
test,copia,seq2seq__s1,corr_cambio,0.6840
test,copia,seq2seq__s1,pendiente_cambio,0.4291
test,copia,seq2seq__s1,MAE,13.2768
test,copia,seq2seq__s1,peso,0.0333
test,cuartil_cambio,Q1,n_dias,53.0000
test,cuartil_cambio,Q1,cambio_min,1.3908
test,cuartil_cambio,Q1,cambio_max,9.6884
test,cuartil_cambio,Q1,cambio_medio,6.3748
test,cuartil_cambio,Q1,MAE_ensemble,8.3029
test,cuartil_cambio,Q1,MAE_persistencia,6.3748
test,cuartil_cambio,Q1,mejora_vs_persistencia_%,30.2462
test,cuartil_cambio,Q1,dias_ensemble_peor_%,77.3585
test,cuartil_cambio,Q1,captura_ensemble_%,94.9797
test,cuartil_cambio,Q1,captura_persistencia_%,92.1870
test,cuartil_cambio,Q1,pico1h_ensemble_%,79.2453
test,cuartil_cambio,Q1,pico1h_persistencia_%,75.4717
test,cuartil_cambio,Q2,n_dias,53.0000
test,cuartil_cambio,Q2,cambio_min,9.6884
test,cuartil_cambio,Q2,cambio_max,15.0752
test,cuartil_cambio,Q2,cambio_medio,12.0950
test,cuartil_cambio,Q2,MAE_ensemble,10.0525
test,cuartil_cambio,Q2,MAE_persistencia,12.0950
test,cuartil_cambio,Q2,mejora_vs_persistencia_%,-16.8870
test,cuartil_cambio,Q2,dias_ensemble_peor_%,32.0755
test,cuartil_cambio,Q2,captura_ensemble_%,95.4442
test,cuartil_cambio,Q2,captura_persistencia_%,89.3448
test,cuartil_cambio,Q2,pico1h_ensemble_%,83.0189
test,cuartil_cambio,Q2,pico1h_persistencia_%,73.5849
test,cuartil_cambio,Q3,n_dias,53.0000
test,cuartil_cambio,Q3,cambio_min,15.0752
test,cuartil_cambio,Q3,cambio_max,22.2409
test,cuartil_cambio,Q3,cambio_medio,18.3269
test,cuartil_cambio,Q3,MAE_ensemble,12.2285
test,cuartil_cambio,Q3,MAE_persistencia,18.3269
test,cuartil_cambio,Q3,mejora_vs_persistencia_%,-33.2758
test,cuartil_cambio,Q3,dias_ensemble_peor_%,7.5472
test,cuartil_cambio,Q3,captura_ensemble_%,90.3987
test,cuartil_cambio,Q3,captura_persistencia_%,81.1852
test,cuartil_cambio,Q3,pico1h_ensemble_%,67.9245
test,cuartil_cambio,Q3,pico1h_persistencia_%,58.4906
test,cuartil_cambio,Q4,n_dias,53.0000
test,cuartil_cambio,Q4,cambio_min,22.2409
test,cuartil_cambio,Q4,cambio_max,52.9537
test,cuartil_cambio,Q4,cambio_medio,30.0886
test,cuartil_cambio,Q4,MAE_ensemble,16.3107
test,cuartil_cambio,Q4,MAE_persistencia,30.0886
test,cuartil_cambio,Q4,mejora_vs_persistencia_%,-45.7911
test,cuartil_cambio,Q4,dias_ensemble_peor_%,5.6604
test,cuartil_cambio,Q4,captura_ensemble_%,89.4630
test,cuartil_cambio,Q4,captura_persistencia_%,81.8592
test,cuartil_cambio,Q4,pico1h_ensemble_%,75.4717
test,cuartil_cambio,Q4,pico1h_persistencia_%,62.2642
test,dia_semana_D+1,lunes,n_dias,30.0000
test,dia_semana_D+1,lunes,MAE_ensemble,13.5662
test,dia_semana_D+1,lunes,MAE_persistencia,22.8648
test,dia_semana_D+1,lunes,mejora_vs_persistencia_%,-40.6679
test,dia_semana_D+1,lunes,cambio_medio,22.8648
test,dia_semana_D+1,martes,n_dias,30.0000
test,dia_semana_D+1,martes,MAE_ensemble,12.8387
test,dia_semana_D+1,martes,MAE_persistencia,17.4317
test,dia_semana_D+1,martes,mejora_vs_persistencia_%,-26.3483
test,dia_semana_D+1,martes,cambio_medio,17.4317
test,dia_semana_D+1,miércoles,n_dias,30.0000
test,dia_semana_D+1,miércoles,MAE_ensemble,13.7023
test,dia_semana_D+1,miércoles,MAE_persistencia,18.1468
test,dia_semana_D+1,miércoles,mejora_vs_persistencia_%,-24.4916
test,dia_semana_D+1,miércoles,cambio_medio,18.1468
test,dia_semana_D+1,jueves,n_dias,31.0000
test,dia_semana_D+1,jueves,MAE_ensemble,11.0933
test,dia_semana_D+1,jueves,MAE_persistencia,14.3162
test,dia_semana_D+1,jueves,mejora_vs_persistencia_%,-22.5122
test,dia_semana_D+1,jueves,cambio_medio,14.3162
test,dia_semana_D+1,viernes,n_dias,31.0000
test,dia_semana_D+1,viernes,MAE_ensemble,10.7419
test,dia_semana_D+1,viernes,MAE_persistencia,15.0498
test,dia_semana_D+1,viernes,mejora_vs_persistencia_%,-28.6242
test,dia_semana_D+1,viernes,cambio_medio,15.0498
test,dia_semana_D+1,sábado,n_dias,30.0000
test,dia_semana_D+1,sábado,MAE_ensemble,10.7677
test,dia_semana_D+1,sábado,MAE_persistencia,17.3132
test,dia_semana_D+1,sábado,mejora_vs_persistencia_%,-37.8066
test,dia_semana_D+1,sábado,cambio_medio,17.3132
test,dia_semana_D+1,domingo,n_dias,30.0000
test,dia_semana_D+1,domingo,MAE_ensemble,9.4093
test,dia_semana_D+1,domingo,MAE_persistencia,12.0628
test,dia_semana_D+1,domingo,mejora_vs_persistencia_%,-21.9977
test,dia_semana_D+1,domingo,cambio_medio,12.0628
test,spread_pico,todos,n_dias,212.0000
test,spread_pico,todos,captura_ensemble_%,92.5714
test,spread_pico,todos,captura_persistencia_%,86.1441
test,spread_pico,todos,pico1h_ensemble_%,76.4151
test,spread_pico,todos,pico1h_persistencia_%,67.4528
test,spread_pico,todos,MAE_ensemble,11.7237
test,spread_pico,todos,MAE_persistencia,16.7213
test,spread_pico,todos,dias_ensemble_peor_%,30.6604
test,spread_pico,Q4_cambio,n_dias,53.0000
test,spread_pico,Q4_cambio,captura_ensemble_%,89.4630
test,spread_pico,Q4_cambio,captura_persistencia_%,81.8592
test,spread_pico,Q4_cambio,pico1h_ensemble_%,75.4717
test,spread_pico,Q4_cambio,pico1h_persistencia_%,62.2642
test,spread_pico,Q4_cambio,MAE_ensemble,16.3107
test,spread_pico,Q4_cambio,MAE_persistencia,30.0886
test,spread_pico,Q4_cambio,dias_ensemble_peor_%,5.6604
test,spread_pico,top10_cambio,n_dias,22.0000
test,spread_pico,top10_cambio,captura_ensemble_%,92.6794
test,spread_pico,top10_cambio,captura_persistencia_%,87.8360
test,spread_pico,top10_cambio,pico1h_ensemble_%,81.8182
test,spread_pico,top10_cambio,pico1h_persistencia_%,77.2727
test,spread_pico,top10_cambio,MAE_ensemble,18.3660
test,spread_pico,top10_cambio,MAE_persistencia,36.5874
test,spread_pico,top10_cambio,dias_ensemble_peor_%,0.0000
val->test,amplificacion,ensemble_seleccion,a_ajustado_val,1.1377
val->test,amplificacion,ensemble_seleccion,"a_oraculo_test (solo referencia, no aplicable)",1.0527
val->test,amplificacion,ensemble_seleccion,MAE_val_antes,11.7319
val->test,amplificacion,ensemble_seleccion,MAE_val_despues,11.6371
val->test,amplificacion,ensemble_seleccion,MAE_test_antes,11.7237
val->test,amplificacion,ensemble_seleccion,MAE_test_despues,11.9669
val->test,amplificacion,ensemble_seleccion,RMSE_test_antes,15.8884
val->test,amplificacion,ensemble_seleccion,RMSE_test_despues,15.9392
test,dia_ilustrativo,2026-03-23,cambio_medio_dia,25.2375
test,dia_ilustrativo,2026-03-23,MAE_ensemble_dia,12.8046
test,dia_ilustrativo,2026-03-23,MAE_persistencia_dia,25.2375
test,dia_ilustrativo,2026-03-23,cociente_dia,0.5074
test,dia_ilustrativo,2026-03-23,cociente_mediano_Q4,0.5074
test,dia_ilustrativo,2026-03-23,MAE_ensemble_mediano_Q4,15.4788
test,dia_ilustrativo,2026-03-23,percentil_MAE_ensemble_dia_en_Q4,35.8491
test,dia_ilustrativo,2026-03-23,n_dias_Q4,53.0000
