fecha,precio_real_medio,precio_pred_medio,MAE_dia,hora_min_real,hora_min_pred,hora_max_real,hora_max_pred,spread_perfecto,spread_capturado,captura_pct
2026-01-01,81.87,90.06,11.71,11,12,0,19,56.08,50.45,90.0
2026-01-02,82.94,83.58,11.8,4,11,21,20,52.0,21.97,42.2
2026-01-03,88.43,73.1,15.36,4,5,17,17,34.15,32.82,96.1
2026-01-04,66.78,63.88,10.06,5,4,21,17,47.25,14.71,31.1
2026-01-05,95.44,80.47,14.97,3,5,18,21,61.76,48.83,79.1
2026-01-06,62.9,85.24,29.54,15,4,20,20,117.9,52.42,44.5
2026-01-07,102.33,69.04,33.28,4,14,18,18,52.98,44.37,83.7
2026-01-08,81.39,93.73,13.47,14,4,8,18,47.28,23.4,49.5
2026-01-09,53.4,67.01,14.02,14,4,19,19,84.75,71.25,84.1
2026-01-10,73.23,56.35,16.91,12,14,19,19,97.49,89.43,91.7
2026-01-11,80.63,77.14,14.76,12,14,18,19,52.67,47.04,89.3
2026-01-12,88.52,93.42,11.22,4,14,20,8,59.51,27.32,45.9
2026-01-13,95.69,87.21,10.68,4,4,20,20,65.99,65.99,100.0
2026-01-14,115.54,106.01,13.81,2,4,18,20,77.12,54.19,70.3
2026-01-15,106.41,105.91,11.47,5,4,21,18,51.89,29.62,57.1
2026-01-16,118.99,106.87,15.65,2,5,18,21,62.14,36.6,58.9
2026-01-17,127.24,121.09,10.67,13,4,20,18,43.16,23.71,54.9
2026-01-18,118.39,121.5,8.63,12,13,20,20,80.42,80.32,99.9
2026-01-19,129.86,121.98,15.37,4,4,18,20,83.01,49.48,59.6
2026-01-20,102.13,115.13,15.3,4,4,19,19,43.42,43.42,100.0
2026-01-21,82.57,87.17,7.32,4,15,20,19,34.59,11.84,34.2
2026-01-22,59.84,68.95,9.77,4,3,9,20,51.68,46.61,90.2
2026-01-23,38.4,56.06,21.94,12,4,20,19,106.19,85.11,80.1
2026-01-24,21.04,32.47,20.1,15,13,0,20,39.71,31.49,79.3
2026-01-25,11.25,12.28,6.64,13,6,21,20,37.35,32.66,87.4
2026-01-26,35.52,36.56,11.06,2,2,20,19,86.79,76.13,87.7
2026-01-27,28.82,43.1,15.46,2,2,20,20,92.14,92.14,100.0
2026-01-28,28.06,36.59,13.94,3,2,20,20,84.3,84.11,99.8
2026-01-29,26.09,29.22,13.26,23,14,7,9,42.86,14.55,33.9
2026-01-30,12.61,23.13,12.0,3,23,20,7,36.94,26.79,72.5
2026-01-31,5.57,6.33,6.44,11,14,20,19,35.44,29.59,83.5
2026-02-01,24.58,14.2,17.6,4,14,20,21,126.98,111.07,87.5
2026-02-02,13.84,30.93,18.83,4,5,20,20,51.34,51.08,99.5
2026-02-03,32.74,17.69,17.98,1,2,19,20,125.92,115.45,91.7
2026-02-04,17.22,33.22,16.81,4,14,20,19,61.35,45.36,73.9
2026-02-05,6.3,9.28,5.11,15,14,20,20,35.12,35.06,99.8
2026-02-06,9.39,3.4,6.17,3,2,19,19,51.48,51.45,99.9
2026-02-07,6.86,9.44,6.34,5,2,19,19,35.83,35.71,99.7
2026-02-08,5.92,5.63,2.36,11,10,21,21,44.98,43.99,97.8
2026-02-09,20.95,16.71,13.73,3,0,19,20,94.9,90.92,95.8
2026-02-10,4.7,17.86,14.26,2,2,20,19,35.0,31.94,91.3
2026-02-11,4.23,1.77,3.13,3,2,19,19,33.12,33.04,99.8
2026-02-12,5.7,2.69,3.48,13,2,20,19,36.0,32.86,91.3
2026-02-13,4.42,4.23,6.75,15,14,8,19,27.76,7.19,25.9
2026-02-14,2.13,-0.92,6.08,12,2,20,7,26.0,0.03,0.1
2026-02-15,1.55,1.97,3.66,15,14,19,20,14.91,12.9,86.5
2026-02-16,4.4,6.78,3.43,4,2,19,19,25.38,25.36,99.9
2026-02-17,26.78,11.5,18.24,15,2,19,19,129.88,128.89,99.2
2026-02-18,18.25,25.79,21.13,13,14,8,19,72.05,24.95,34.6
2026-02-19,14.87,14.29,16.79,13,14,20,8,82.11,14.27,17.4
2026-02-20,28.38,24.8,8.48,13,14,20,20,101.54,101.53,100.0
2026-02-21,29.11,33.55,7.32,13,13,20,20,101.41,101.41,100.0
2026-02-22,22.21,32.27,10.15,12,14,20,20,100.31,99.94,99.6
2026-02-23,34.83,39.46,15.57,12,14,20,20,176.28,176.13,99.9
2026-02-24,28.25,36.47,11.58,14,14,19,20,99.07,75.9,76.6
2026-02-25,29.9,28.38,9.48,13,14,19,19,105.25,104.99,99.8
2026-02-26,27.38,32.29,5.93,12,14,20,19,104.38,96.54,92.5
2026-02-27,20.1,29.07,10.03,13,11,20,20,73.6,73.59,100.0
2026-02-28,14.5,15.02,6.16,11,11,19,20,73.67,63.91,86.8
2026-03-01,15.0,10.61,11.54,12,14,20,19,37.11,35.87,96.7
2026-03-02,18.36,21.79,8.54,12,14,20,19,79.98,65.36,81.7
2026-03-03,28.43,23.87,6.08,15,14,20,20,92.42,92.31,99.9
2026-03-04,56.51,33.25,23.28,13,14,19,20,170.99,154.06,90.1
2026-03-05,90.14,62.81,30.22,13,13,19,19,120.22,120.22,100.0
2026-03-06,63.24,77.45,23.39,4,14,20,19,66.33,47.42,71.5
2026-03-07,62.57,61.12,14.41,13,4,19,20,130.04,76.31,58.7
2026-03-08,78.69,69.57,13.54,12,13,19,19,141.07,136.77,97.0
2026-03-09,119.42,93.4,27.3,13,14,19,19,121.83,119.81,98.3
2026-03-10,136.86,116.5,20.75,13,13,20,19,151.97,95.44,62.8
2026-03-11,104.03,130.57,28.09,12,13,20,20,222.74,215.13,96.6
2026-03-12,71.2,100.19,28.99,11,12,20,20,169.5,169.5,100.0
2026-03-13,37.89,60.07,23.02,14,15,20,20,96.7,96.46,99.8
2026-03-14,14.39,20.32,15.05,11,11,20,20,45.69,45.69,100.0
2026-03-15,6.45,12.3,7.67,11,13,21,21,37.11,37.11,100.0
2026-03-16,37.18,30.47,27.71,12,14,20,20,191.99,191.23,99.6
2026-03-17,49.05,51.32,28.92,14,10,19,20,135.33,129.53,95.7
2026-03-18,28.88,48.81,21.14,13,11,20,19,76.89,63.64,82.8
2026-03-19,24.95,27.34,6.71,12,11,20,20,80.13,80.12,100.0
2026-03-20,37.57,28.82,9.52,13,14,19,20,97.35,92.86,95.4
2026-03-21,41.47,42.76,7.71,15,14,19,19,88.06,88.03,100.0
2026-03-22,28.15,35.11,8.78,13,14,20,19,80.76,52.66,65.2
2026-03-23,33.81,35.96,18.88,11,14,20,20,146.42,146.4,100.0
2026-03-24,54.34,49.77,15.45,12,10,20,20,151.87,151.62,99.8
2026-03-25,19.05,47.01,30.44,13,15,0,20,42.14,35.97,85.4
2026-03-26,5.02,4.25,7.0,14,9,20,20,37.86,35.72,94.3
2026-03-27,9.04,5.62,3.95,12,14,20,20,67.4,67.4,100.0
2026-03-28,3.03,1.44,12.52,14,13,0,20,16.68,15.54,93.2
2026-04-07,33.48,23.53,11.38,12,14,21,21,118.14,118.14,100.0
2026-04-08,63.21,44.69,18.65,15,14,21,21,134.22,133.31,99.3
2026-04-09,53.2,63.7,16.74,15,15,7,21,130.55,84.73,64.9
2026-04-10,44.48,51.39,13.17,13,14,20,7,104.85,85.77,81.8
2026-04-11,28.91,35.74,15.61,15,16,0,20,83.38,28.04,33.6
2026-04-12,13.33,16.44,15.22,16,14,21,0,72.73,15.17,20.9
2026-04-13,23.81,19.2,8.81,14,14,21,21,99.99,99.99,100.0
2026-04-14,45.97,34.06,15.92,12,14,21,21,115.41,115.09,99.7
2026-04-15,59.9,55.15,7.92,15,11,21,21,135.41,134.6,99.4
2026-04-16,69.33,67.56,10.27,16,14,21,21,134.67,134.66,100.0
2026-04-17,70.87,70.29,10.01,12,14,21,21,123.01,123.01,100.0
2026-04-18,46.56,59.15,15.08,14,14,0,0,98.71,98.71,100.0
2026-04-19,36.22,41.75,7.07,16,14,21,20,91.91,80.89,88.0
2026-04-20,50.85,56.43,10.25,13,14,21,21,109.55,109.55,100.0
2026-04-21,45.28,52.09,6.9,14,16,0,21,87.91,83.92,95.5
2026-04-22,49.0,45.9,5.82,15,11,21,21,109.21,108.19,99.1
2026-04-23,49.08,48.95,4.15,15,15,21,21,90.28,90.28,100.0
2026-04-24,72.64,58.0,15.22,15,14,21,21,98.15,97.34,99.2
2026-04-25,50.79,63.6,16.34,14,14,0,21,92.42,89.64,97.0
2026-04-26,35.3,44.49,10.47,15,11,22,21,100.2,97.41,97.2
2026-04-27,46.98,45.75,8.61,13,14,7,21,100.74,97.66,96.9
2026-04-28,55.67,50.66,7.63,13,14,21,21,109.45,109.45,100.0
2026-04-29,75.72,61.56,17.42,15,14,21,21,97.85,90.2,92.2
2026-04-30,64.39,76.11,16.7,13,15,21,21,125.41,125.41,100.0
2026-05-01,57.88,57.68,8.25,15,14,0,21,109.74,106.82,97.3
2026-05-02,43.64,47.23,13.51,15,14,22,22,90.86,90.85,100.0
2026-05-03,48.13,45.56,7.97,13,14,22,21,105.28,103.07,97.9
2026-05-04,69.71,64.29,20.33,15,14,22,20,141.59,109.8,77.5
2026-05-05,64.34,71.54,10.39,15,16,7,22,118.79,109.79,92.4
2026-05-06,78.02,66.87,13.71,11,11,21,21,153.35,153.35,100.0
2026-05-07,86.9,80.71,10.02,14,14,21,21,125.91,125.91,100.0
2026-05-08,64.68,82.99,18.31,15,14,0,21,108.62,108.49,99.9
2026-05-09,33.8,51.9,20.38,14,14,21,21,80.67,80.67,100.0
2026-05-10,20.85,25.67,9.83,15,14,22,21,91.81,88.15,96.0
2026-05-11,52.66,39.11,21.81,16,14,21,21,187.43,186.31,99.4
2026-05-12,69.23,54.74,21.76,15,17,21,21,123.21,120.86,98.1
2026-05-13,48.26,63.65,15.55,14,16,21,21,106.9,106.9,100.0
2026-05-14,53.34,45.16,8.75,16,17,0,21,105.23,98.05,93.2
2026-05-15,37.73,39.77,8.21,15,11,22,22,92.85,92.83,100.0
2026-05-16,41.78,32.3,10.13,16,11,22,22,112.35,111.75,99.5
2026-05-17,45.82,43.23,4.7,15,14,22,22,119.02,119.01,100.0
2026-05-18,60.72,57.53,11.5,14,14,21,21,129.09,129.09,100.0
2026-05-19,45.86,61.91,16.4,13,15,21,21,116.68,116.68,100.0
2026-05-20,56.03,51.48,11.11,15,11,22,21,132.84,129.17,97.2
2026-05-21,57.75,59.06,7.38,14,16,21,22,123.7,119.82,96.9
2026-05-22,56.14,57.1,4.81,13,16,22,21,120.02,116.43,97.0
2026-05-23,36.52,42.76,12.38,15,11,22,22,106.06,105.6,99.6
2026-05-24,26.32,30.71,8.85,12,11,22,22,91.9,91.83,99.9
2026-05-25,31.72,37.96,11.28,13,14,22,22,110.75,110.75,100.0
2026-05-26,60.37,41.82,21.74,14,14,21,22,151.38,150.16,99.2
2026-05-27,71.44,65.58,12.84,13,11,21,21,142.61,142.32,99.8
2026-05-28,74.98,76.86,7.82,12,14,21,21,159.59,159.59,100.0
2026-05-29,79.59,73.7,9.16,13,14,22,21,152.25,149.36,98.1
2026-05-30,62.32,68.2,9.46,14,13,0,22,123.42,114.57,92.8
2026-05-31,44.49,50.02,8.48,15,14,22,0,102.0,100.49,98.5
2026-06-01,69.69,58.8,19.91,15,17,22,21,144.01,124.48,86.4
2026-06-02,51.08,68.36,18.76,16,16,0,22,116.22,93.17,80.2
2026-06-03,55.94,50.36,13.37,15,11,21,0,135.32,96.07,71.0
2026-06-04,55.62,52.43,17.0,15,17,0,21,130.31,94.68,72.7
2026-06-05,57.75,55.5,13.39,11,14,22,0,127.72,87.25,68.3
2026-06-06,55.48,53.73,11.27,15,14,0,22,119.79,101.81,85.0
2026-06-07,51.84,45.87,9.99,12,10,22,0,125.9,99.31,78.9
2026-06-08,58.08,61.65,9.6,16,18,21,22,112.14,96.6,86.1
2026-06-09,50.81,54.4,9.3,11,16,21,21,125.54,125.53,100.0
2026-06-10,38.96,47.0,8.55,15,17,21,21,93.81,93.25,99.4
2026-06-11,34.86,36.09,9.07,11,11,21,21,116.73,116.73,100.0
2026-06-12,29.55,37.3,8.33,16,11,21,21,113.14,113.1,100.0
2026-06-13,45.19,29.81,15.71,13,11,22,21,130.65,125.4,96.0
2026-06-14,60.48,45.72,14.76,12,14,22,22,139.53,139.13,99.7
2026-06-15,87.76,81.47,17.17,13,14,21,22,157.76,155.52,98.6
2026-06-16,98.3,92.6,11.17,13,14,22,21,130.52,126.15,96.7
2026-06-17,94.9,92.82,6.57,13,13,22,22,142.64,142.64,100.0
2026-06-18,92.64,88.12,10.13,13,13,22,22,121.22,121.22,100.0
2026-06-19,85.28,89.09,8.64,13,13,22,22,147.12,147.12,100.0
2026-06-20,66.36,74.22,10.77,13,13,22,22,129.1,129.1,100.0
2026-06-21,56.77,55.41,8.28,12,14,22,22,140.1,140.06,100.0
2026-06-22,99.89,82.7,19.35,13,14,21,22,144.64,126.18,87.2
2026-06-23,112.42,103.73,12.46,13,13,21,21,103.02,103.02,100.0
2026-06-24,95.57,105.44,13.56,15,13,22,22,110.06,105.06,95.5
2026-06-25,79.56,89.33,11.45,15,15,22,22,146.65,146.65,100.0
2026-06-26,87.5,82.87,7.57,15,15,22,22,144.56,144.56,100.0
2026-06-27,70.19,75.27,10.18,15,14,22,22,152.31,152.3,100.0
2026-06-28,66.46,62.18,6.07,12,16,22,22,134.1,134.1,100.0
2026-06-29,83.51,82.03,12.63,11,12,21,22,139.86,132.45,94.7
2026-06-30,95.36,86.93,13.32,18,11,21,21,79.01,70.27,88.9
2026-07-01,56.77,73.27,22.61,12,18,1,21,120.86,110.13,91.1
2026-07-02,46.79,49.36,7.47,11,17,22,21,118.28,116.21,98.2
2026-07-03,47.31,46.0,6.96,13,10,22,21,125.19,122.06,97.5
2026-07-04,48.85,44.58,8.31,12,13,22,21,126.68,117.09,92.4
2026-07-05,63.81,56.76,11.73,13,12,22,22,160.46,160.42,100.0
2026-07-06,100.55,92.07,16.29,12,14,21,21,142.08,120.8,85.0
2026-07-07,113.95,99.7,14.81,12,12,22,21,94.56,84.93,89.8
2026-07-08,109.85,109.22,10.69,13,11,22,22,125.71,114.24,90.9
2026-07-09,112.77,108.96,9.51,13,12,22,22,149.79,136.61,91.2
2026-07-10,117.85,106.91,11.62,13,13,22,22,130.64,130.64,100.0
2026-07-11,87.32,101.83,18.3,13,13,21,22,155.35,154.9,99.7
2026-07-12,72.0,74.82,8.13,13,16,22,22,152.07,151.39,99.6
2026-07-13,124.96,94.68,30.27,13,14,22,21,154.44,132.62,85.9
2026-07-14,124.08,124.39,7.64,15,13,22,22,110.53,106.2,96.1
2026-07-15,138.11,120.35,17.76,13,15,21,21,100.97,98.17,97.2
2026-07-16,135.27,128.67,7.95,16,14,22,21,110.06,90.35,82.1
2026-07-17,137.54,126.69,13.6,15,16,0,22,72.79,67.38,92.6
2026-07-18,90.74,120.32,29.58,13,12,0,0,160.29,159.84,99.7
2026-07-19,90.98,85.65,8.42,16,14,22,21,175.8,172.22,98.0
2026-07-20,131.36,111.54,20.72,16,17,21,21,115.62,100.65,87.1
2026-07-21,136.24,125.73,10.68,15,16,21,21,93.03,90.59,97.4
2026-07-22,150.32,133.2,17.12,15,15,21,22,153.67,140.36,91.3
2026-07-23,136.73,144.0,14.79,13,15,21,21,219.56,216.64,98.7
2026-07-24,110.87,125.12,22.93,15,16,22,21,187.99,185.63,98.7
2026-07-25,82.06,89.08,16.66,11,13,0,0,172.85,172.42,99.8
2026-07-26,69.38,74.61,9.96,11,11,22,22,175.87,175.87,100.0
2026-07-27,98.02,94.97,26.98,11,14,21,21,232.27,231.76,99.8
2026-07-28,123.68,109.77,24.27,12,14,21,21,223.8,223.18,99.7
2026-07-29,120.43,124.6,7.37,13,15,21,21,213.34,212.78,99.7
2026-07-30,128.55,119.89,11.23,13,14,21,21,198.6,181.08,91.2
2026-07-31,140.01,123.15,18.63,15,13,7,21,109.04,92.17,84.5
